{
  "groq_models": {
    "llama-3.3-70b-versatile": 1783373876.087386,
    "qwen/qwen3-32b": 1783394948.1917746,
    "openai/gpt-oss-20b": 1783394952.977384,
    "llama-3.1-8b-instant": 1783416351.941738,
    "openai/gpt-oss-120b": 1783416535.709027
  },
  "cloudflare_models": {
    "@cf/meta/llama-3.3-70b-instruct": 1783377219.0153298,
    "@cf/meta/llama-3.3-70b-instruct-fp8-fast": 1783377219.0156717,
    "@cf/zai-org/glm-4.7-flash": 1783377219.0160458,
    "@cf/openai/gpt-oss-120b": 1783377219.0163865,
    "@cf/nvidia/nemotron-3-120b-a12b": 1783377219.0167289,
    "@cf/meta/llama-4-scout-17b-16e-instruct": 1783377219.0176723,
    "@cf/qwen/qwq-32b": 1783377219.018048,
    "@cf/deepseek-ai/deepseek-r1-distill-qwen-32b": 1783377219.018389,
    "@cf/meta/llama-3.1-70b-instruct": 1783377219.0187314,
    "@cf/qwen/qwen2.5-72b-instruct": 1783377219.0190976,
    "@cf/qwen/qwen3-30b-a3b-fp8": 1783377219.0194404,
    "@cf/qwen/qwen2.5-coder-32b-instruct": 1783377219.01978,
    "@cf/mistral/mistral-small-3.1-24b-instruct": 1783377219.0201488,
    "@cf/google/gemma-4-26b-a4b-it": 1783377219.0205145,
    "@cf/moonshotai/kimi-k2.7-code": 1783377219.0207968,
    "@cf/moonshotai/kimi-k2.6": 1783377219.0210807,
    "@cf/meta/llama-3.1-8b-instruct": 1783377219.0213327,
    "@cf/meta/llama-3.1-8b-instruct-fp8": 1783377219.0215871,
    "@cf/meta/llama-3.1-8b-instruct-fast": 1783377219.021864,
    "@cf/meta/llama-3.2-3b-instruct": 1783377219.022124,
    "@cf/zai-org/glm-5.2": 1783377219.0223763,
    "@cf/meta/llama-3.2-1b-instruct": 1783377219.0226266,
    "@cf/openai/gpt-oss-20b": 1783377219.0229046,
    "@cf/ibm-granite/granite-4.0-h-micro": 1783377219.0231574
  }
}