{
  "groq_models": {
    "llama-3.3-70b-versatile": 1783455236.8621616,
    "qwen/qwen3-32b": 1783475906.3965561,
    "openai/gpt-oss-20b": 1783394952.977384,
    "llama-3.1-8b-instant": 1783297132.5167794,
    "openai/gpt-oss-120b": 1783297306.3076882
  },
  "cloudflare_models": {
    "@cf/meta/llama-3.3-70b-instruct": 1783465288.4570453,
    "@cf/meta/llama-3.3-70b-instruct-fp8-fast": 1783465288.4574268,
    "@cf/zai-org/glm-4.7-flash": 1783465288.4577692,
    "@cf/openai/gpt-oss-120b": 1783465288.4581168,
    "@cf/nvidia/nemotron-3-120b-a12b": 1783465288.4585066,
    "@cf/meta/llama-4-scout-17b-16e-instruct": 1783465288.4588509,
    "@cf/qwen/qwq-32b": 1783465288.459192,
    "@cf/deepseek-ai/deepseek-r1-distill-qwen-32b": 1783465288.4595158,
    "@cf/meta/llama-3.1-70b-instruct": 1783465288.4598362,
    "@cf/qwen/qwen2.5-72b-instruct": 1783465288.4601486,
    "@cf/qwen/qwen3-30b-a3b-fp8": 1783465288.4604838,
    "@cf/qwen/qwen2.5-coder-32b-instruct": 1783465288.4607935,
    "@cf/mistral/mistral-small-3.1-24b-instruct": 1783465288.4610953,
    "@cf/google/gemma-4-26b-a4b-it": 1783465288.4614365,
    "@cf/moonshotai/kimi-k2.7-code": 1783465288.4617465,
    "@cf/moonshotai/kimi-k2.6": 1783465288.4620583,
    "@cf/meta/llama-3.1-8b-instruct": 1783465288.4623876,
    "@cf/meta/llama-3.1-8b-instruct-fp8": 1783465288.4626956,
    "@cf/meta/llama-3.1-8b-instruct-fast": 1783465288.4630055,
    "@cf/meta/llama-3.2-3b-instruct": 1783465288.4633365,
    "@cf/zai-org/glm-5.2": 1783465288.4637282,
    "@cf/meta/llama-3.2-1b-instruct": 1783465288.4640388,
    "@cf/openai/gpt-oss-20b": 1783465288.4643586,
    "@cf/ibm-granite/granite-4.0-h-micro": 1783465288.4646575
  }
}